,ID,PW,PW2,Name,Birth,Email,Gender
0,dummy1,dummy1,dummy1,dummy1,1967-09-11,dummy1@gmail.com,M
1,dummy2,dummy2,dummy2,dummy2,1973-07-21,dummy2@gmail.com,M
2,dummy3,dummy3,dummy3,dummy3,1975-10-22,dummy3@gmail.com,M
3,dummy4,dummy4,dummy4,dummy4,1999-01-21,dummy4@gmail.com,M
4,dummy5,dummy5,dummy5,dummy5,2007-02-27,dummy5@gmail.com,F
5,dummy6,dummy6,dummy6,dummy6,1969-07-30,dummy6@gmail.com,F
6,dummy7,dummy7,dummy7,dummy7,1967-01-14,dummy7@gmail.com,F
7,dummy8,dummy8,dummy8,dummy8,1976-05-11,dummy8@gmail.com,F
8,dummy9,dummy9,dummy9,dummy9,1966-05-26,dummy9@gmail.com,M
9,dummy10,dummy10,dummy10,dummy10,1977-12-26,dummy10@gmail.com,F
10,dummy11,dummy11,dummy11,dummy11,1989-12-19,dummy11@gmail.com,M
11,dummy12,dummy12,dummy12,dummy12,2008-01-01,dummy12@gmail.com,F
12,dummy13,dummy13,dummy13,dummy13,1997-12-19,dummy13@gmail.com,M
13,dummy14,dummy14,dummy14,dummy14,1962-04-18,dummy14@gmail.com,M
14,dummy15,dummy15,dummy15,dummy15,1988-01-26,dummy15@gmail.com,M
15,dummy16,dummy16,dummy16,dummy16,1966-06-02,dummy16@gmail.com,M
16,dummy17,dummy17,dummy17,dummy17,1992-10-20,dummy17@gmail.com,M
17,dummy18,dummy18,dummy18,dummy18,1953-02-27,dummy18@gmail.com,F
18,dummy19,dummy19,dummy19,dummy19,1982-04-21,dummy19@gmail.com,M
19,dummy20,dummy20,dummy20,dummy20,2002-02-16,dummy20@gmail.com,F
20,dummy21,dummy21,dummy21,dummy21,1965-08-03,dummy21@gmail.com,M
21,dummy22,dummy22,dummy22,dummy22,2003-11-15,dummy22@gmail.com,F
22,dummy23,dummy23,dummy23,dummy23,1970-02-24,dummy23@gmail.com,F
23,dummy24,dummy24,dummy24,dummy24,1966-08-19,dummy24@gmail.com,F
24,dummy25,dummy25,dummy25,dummy25,2008-07-27,dummy25@gmail.com,M
25,dummy26,dummy26,dummy26,dummy26,2006-01-01,dummy26@gmail.com,F
26,dummy27,dummy27,dummy27,dummy27,1976-08-06,dummy27@gmail.com,F
27,dummy28,dummy28,dummy28,dummy28,1971-02-09,dummy28@gmail.com,F
28,dummy29,dummy29,dummy29,dummy29,1953-09-28,dummy29@gmail.com,M
29,dummy30,dummy30,dummy30,dummy30,1988-11-12,dummy30@gmail.com,F
30,dummy31,dummy31,dummy31,dummy31,2006-11-01,dummy31@gmail.com,F
31,dummy32,dummy32,dummy32,dummy32,2003-03-13,dummy32@gmail.com,F
32,dummy33,dummy33,dummy33,dummy33,1975-10-27,dummy33@gmail.com,M
33,dummy34,dummy34,dummy34,dummy34,1956-10-29,dummy34@gmail.com,F
34,dummy35,dummy35,dummy35,dummy35,1960-09-16,dummy35@gmail.com,F
35,dummy36,dummy36,dummy36,dummy36,1967-03-05,dummy36@gmail.com,M
36,dummy37,dummy37,dummy37,dummy37,1992-12-28,dummy37@gmail.com,F
37,dummy38,dummy38,dummy38,dummy38,1971-05-23,dummy38@gmail.com,F
38,dummy39,dummy39,dummy39,dummy39,1973-12-28,dummy39@gmail.com,M
39,dummy40,dummy40,dummy40,dummy40,1999-04-12,dummy40@gmail.com,F
40,dummy41,dummy41,dummy41,dummy41,1997-01-06,dummy41@gmail.com,F
41,dummy42,dummy42,dummy42,dummy42,1987-05-21,dummy42@gmail.com,M
42,dummy43,dummy43,dummy43,dummy43,2001-12-31,dummy43@gmail.com,M
43,dummy44,dummy44,dummy44,dummy44,1981-02-22,dummy44@gmail.com,F
44,dummy45,dummy45,dummy45,dummy45,1952-12-29,dummy45@gmail.com,F
45,dummy46,dummy46,dummy46,dummy46,2009-12-24,dummy46@gmail.com,M
46,dummy47,dummy47,dummy47,dummy47,1957-11-18,dummy47@gmail.com,M
47,dummy48,dummy48,dummy48,dummy48,1954-06-09,dummy48@gmail.com,F
48,dummy49,dummy49,dummy49,dummy49,1999-07-28,dummy49@gmail.com,F
49,dummy50,dummy50,dummy50,dummy50,1995-05-24,dummy50@gmail.com,F
50,dummy51,dummy51,dummy51,dummy51,1977-05-05,dummy51@gmail.com,M
51,dummy52,dummy52,dummy52,dummy52,2009-09-26,dummy52@gmail.com,F
52,dummy53,dummy53,dummy53,dummy53,1950-02-23,dummy53@gmail.com,F
53,dummy54,dummy54,dummy54,dummy54,2000-05-27,dummy54@gmail.com,F
54,dummy55,dummy55,dummy55,dummy55,1963-08-09,dummy55@gmail.com,F
55,dummy56,dummy56,dummy56,dummy56,1983-12-31,dummy56@gmail.com,F
56,dummy57,dummy57,dummy57,dummy57,2010-01-17,dummy57@gmail.com,F
57,dummy58,dummy58,dummy58,dummy58,1953-03-11,dummy58@gmail.com,M
58,dummy59,dummy59,dummy59,dummy59,1988-02-12,dummy59@gmail.com,F
59,dummy60,dummy60,dummy60,dummy60,2004-02-25,dummy60@gmail.com,F
60,dummy61,dummy61,dummy61,dummy61,1961-12-05,dummy61@gmail.com,F
61,dummy62,dummy62,dummy62,dummy62,1959-10-24,dummy62@gmail.com,M
62,dummy63,dummy63,dummy63,dummy63,1991-03-30,dummy63@gmail.com,F
63,dummy64,dummy64,dummy64,dummy64,1993-11-01,dummy64@gmail.com,M
64,dummy65,dummy65,dummy65,dummy65,1999-02-06,dummy65@gmail.com,M
65,dummy66,dummy66,dummy66,dummy66,1986-11-06,dummy66@gmail.com,F
66,dummy67,dummy67,dummy67,dummy67,1986-04-17,dummy67@gmail.com,M
67,dummy68,dummy68,dummy68,dummy68,1971-06-29,dummy68@gmail.com,M
68,dummy69,dummy69,dummy69,dummy69,1997-09-28,dummy69@gmail.com,M
69,dummy70,dummy70,dummy70,dummy70,2001-12-25,dummy70@gmail.com,F
70,dummy71,dummy71,dummy71,dummy71,1996-03-19,dummy71@gmail.com,M
71,dummy72,dummy72,dummy72,dummy72,1990-11-20,dummy72@gmail.com,F
72,dummy73,dummy73,dummy73,dummy73,1957-01-12,dummy73@gmail.com,M
73,dummy74,dummy74,dummy74,dummy74,1995-04-05,dummy74@gmail.com,M
74,dummy75,dummy75,dummy75,dummy75,1952-07-28,dummy75@gmail.com,F
75,dummy76,dummy76,dummy76,dummy76,1973-10-12,dummy76@gmail.com,M
76,dummy77,dummy77,dummy77,dummy77,1977-02-12,dummy77@gmail.com,M
77,dummy78,dummy78,dummy78,dummy78,1966-06-22,dummy78@gmail.com,M
78,dummy79,dummy79,dummy79,dummy79,1976-02-01,dummy79@gmail.com,M
79,dummy80,dummy80,dummy80,dummy80,2008-06-07,dummy80@gmail.com,M
80,dummy81,dummy81,dummy81,dummy81,1994-02-14,dummy81@gmail.com,M
81,dummy82,dummy82,dummy82,dummy82,1970-08-10,dummy82@gmail.com,F
82,dummy83,dummy83,dummy83,dummy83,1961-04-09,dummy83@gmail.com,F
83,dummy84,dummy84,dummy84,dummy84,1979-12-28,dummy84@gmail.com,M
84,dummy85,dummy85,dummy85,dummy85,1959-01-06,dummy85@gmail.com,F
85,dummy86,dummy86,dummy86,dummy86,1979-05-21,dummy86@gmail.com,F
86,dummy87,dummy87,dummy87,dummy87,1989-12-28,dummy87@gmail.com,M
87,dummy88,dummy88,dummy88,dummy88,1991-03-29,dummy88@gmail.com,M
88,dummy89,dummy89,dummy89,dummy89,2009-01-30,dummy89@gmail.com,F
89,dummy90,dummy90,dummy90,dummy90,1966-04-06,dummy90@gmail.com,F
90,dummy91,dummy91,dummy91,dummy91,1996-06-27,dummy91@gmail.com,M
91,dummy92,dummy92,dummy92,dummy92,2010-10-02,dummy92@gmail.com,M
92,dummy93,dummy93,dummy93,dummy93,1955-06-29,dummy93@gmail.com,F
93,dummy94,dummy94,dummy94,dummy94,1996-05-14,dummy94@gmail.com,F
94,dummy95,dummy95,dummy95,dummy95,1959-05-29,dummy95@gmail.com,F
95,dummy96,dummy96,dummy96,dummy96,1974-01-04,dummy96@gmail.com,F
96,dummy97,dummy97,dummy97,dummy97,2000-06-24,dummy97@gmail.com,M
97,dummy98,dummy98,dummy98,dummy98,2002-02-22,dummy98@gmail.com,F
98,dummy99,dummy99,dummy99,dummy99,2010-11-09,dummy99@gmail.com,M
99,dummy100,dummy100,dummy100,dummy100,1975-11-05,dummy100@gmail.com,M
